[{
    "label": "证件类型",
    "value": 3.29
}, {
    "label": "证件号",
    "value": "1.04"
}, {
    "label": "账号",
    "value": "8.00"
},{
    "label": "户名",
    "value": "8.00"
},{
    "label": "负债账号",
    "value": "8.00"
},{
    "label": "产品编号",
    "value": "8.00"
},{
    "label": "产品名称",
    "value": "8.00"
},{
    "label": "开户机构",
    "value": "8.00"
},{
    "label": "开户机构名",
    "value": "8.00"
},{
    "label": "开户日期",
    "value": "8.00"
},{
    "label": "介质状态",
    "value": "8.00"
},{
    "label": "账户状态",
    "value": "8.00"
},{
    "label": "销户机构",
    "value": ""
},{
},{
    "label": "销户机构名",
    "value": "测试"
},{
    "label": "销户柜员",
    "value": "8.00"
},{
    "label": "销户日期",
    "value": "8.00"
}]

